gene,chr,pos,GENE_SYMBOL,CHROMOSOME,GENOME_START,GENOME_STOP,MUTATION_CDS,MUTATION_AA,MUTATION_DESCRIPTION,MUTATION_SOMATIC_STATUS,SAMPLE_NAME,COSMIC_PHENOTYPE_ID,GENOMIC_MUTATION_ID,HGVSP,HGVSC,HGVSG,GENOMIC_WT_ALLELE,GENOMIC_MUT_ALLELE,impact_score,actionability_score,has_prostate_context,is_parp_target,is_hormone_target,is_pi3k_target,is_cell_cycle_target,is_emerging_target,is_therapeutic_target
BRCA2,13,32338215.0,BRCA2,13,32338215.0,32338215.0,c.3860del,p.N1287Ifs*6,frameshift_variant,Variant of unknown origin,LAPC4,COSO32054826,COSV66449306,ENSP00000369497.3:p.Asn1287IlefsTer6,ENST00000380152.7:c.3860del,13:g.32338215del,A,,4,7,True,True,False,False,False,False,True
BRCA2,13,32338215.0,BRCA2,13,32338215.0,32338215.0,c.3860del,p.N1287Ifs*6,frameshift_variant,Variant of unknown origin,LAPC4,COSO32054826,COSV66449306,ENSP00000369497.3:p.Asn1287IlefsTer6,ENST00000380152.7:c.3860del,13:g.32338215del,A,,4,7,True,True,False,False,False,False,True
TP53,17,7676239.0,TP53,17,7676239.0,7676260.0,c.110_131del,p.S37Cfs*79,frameshift_variant,Variant of unknown origin,ZHE06-PC17,COSO32054862,COSV53387222,ENSP00000269305.4:p.Ser37CysfsTer79,ENST00000269305.8:c.110_131del,17:g.7676239_7676260del,TCAAATCATCCATTGCTTGGGA,,4,6,True,False,False,False,True,False,True
TP53,17,7674277.0,TP53,17,7674277.0,7674278.0,c.686_687del,p.C229Yfs*10,frameshift_variant,Reported in another cancer sample as somatic,RED94-PC8,COSO29005278,COSV52703049,ENSP00000269305.4:p.Cys229TyrfsTer10,ENST00000269305.8:c.686_687del,17:g.7674277_7674278del,CA,,4,6,True,False,False,False,True,False,True
TP53,17,7674894.0,TP53,17,7674894.0,7674894.0,c.637C>T,p.R213*,stop_gained,Reported in another cancer sample as somatic,RED94-PC25,COSO29005278,COSV52665560,ENSP00000269305.4:p.Arg213Ter,ENST00000269305.8:c.637C>T,17:g.7674894G>A,G,A,4,6,True,False,False,False,True,False,True
TP53,17,7674945.0,TP53,17,7674945.0,7674945.0,c.586C>T,p.R196*,stop_gained,Reported in another cancer sample as somatic,RED94-PC60,COSO29005278,COSV52663748,ENSP00000269305.4:p.Arg196Ter,ENST00000269305.8:c.586C>T,17:g.7674945G>A,G,A,4,6,True,False,False,False,True,False,True
TP53,17,7675199.0,TP53,17,7675199.0,7675199.0,c.414del,p.K139Rfs*31,frameshift_variant,Reported in another cancer sample as somatic,PC3,COSO32054826,COSV52708439,ENSP00000269305.4:p.Lys139ArgfsTer31,ENST00000269305.8:c.414del,17:g.7675199del,G,,4,6,True,False,False,False,True,False,True
TP53,17,7674243.0,TP53,17,7674243.0,7674243.0,c.721del,p.S241Pfs*6,frameshift_variant,Reported in another cancer sample as somatic,RED94-PC28,COSO29005278,COSV52891634,ENSP00000269305.4:p.Ser241ProfsTer6,ENST00000269305.8:c.721del,17:g.7674243del,A,,4,6,True,False,False,False,True,False,True
TP53,17,7674894.0,TP53,17,7674894.0,7674894.0,c.637C>T,p.R213*,stop_gained,Reported in another cancer sample as somatic,ZHE06-PC42,COSO32054862,COSV52665560,ENSP00000269305.4:p.Arg213Ter,ENST00000269305.8:c.637C>T,17:g.7674894G>A,G,A,4,6,True,False,False,False,True,False,True
TP53,17,7674904.0,TP53,17,7674904.0,7674904.0,c.629del,p.N210Tfs*37,frameshift_variant,Reported in another cancer sample as somatic,RED94-PC1,COSO29005278,COSV52814996,ENSP00000269305.4:p.Asn210ThrfsTer37,ENST00000269305.8:c.629del,17:g.7674904del,T,,4,6,True,False,False,False,True,False,True
TP53,17,7674945.0,TP53,17,7674945.0,7674945.0,c.586C>T,p.R196*,stop_gained,Reported in another cancer sample as somatic,RED94-PC60,COSO29005278,COSV52663748,ENSP00000269305.4:p.Arg196Ter,ENST00000269305.8:c.586C>T,17:g.7674945G>A,G,A,4,6,True,False,False,False,True,False,True
TP53,17,7676239.0,TP53,17,7676239.0,7676260.0,c.110_131del,p.S37Cfs*79,frameshift_variant,Variant of unknown origin,ZHE06-PC17,COSO32054862,COSV53387222,ENSP00000269305.4:p.Ser37CysfsTer79,ENST00000269305.8:c.110_131del,17:g.7676239_7676260del,TCAAATCATCCATTGCTTGGGA,,4,6,True,False,False,False,True,False,True
TP53,17,7676181.0,TP53,17,7676181.0,7676220.0,c.150_189del,p.E51Pfs*59,frameshift_variant,Variant of unknown origin,RED94-PC44,COSO29005278,COSV53705389,ENSP00000269305.4:p.Glu51ProfsTer59,ENST00000269305.8:c.150_189del,17:g.7676181_7676220del,GCTTCATCTGGACCTGGGTCTTCAGTGAACCATTGTTCAA,,4,6,True,False,False,False,True,False,True
TP53,17,7674894.0,TP53,17,7674894.0,7674894.0,c.637C>T,p.R213*,stop_gained,Reported in another cancer sample as somatic,RED94-PC25,COSO29005278,COSV52665560,ENSP00000269305.4:p.Arg213Ter,ENST00000269305.8:c.637C>T,17:g.7674894G>A,G,A,4,6,True,False,False,False,True,False,True
PTEN,10,87864486.0,PTEN,10,87864486.0,87864487.0,c.17_18del,p.K6Rfs*4,frameshift_variant,Reported in another cancer sample as somatic,LNCaP,COSO32054826,COSV64288829,ENSP00000361021.3:p.Lys6ArgfsTer4,ENST00000371953.7:c.17_18del,10:g.87864486_87864487del,AA,,4,6,True,False,False,True,False,False,True
TP53,17,7676181.0,TP53,17,7676181.0,7676220.0,c.150_189del,p.E51Pfs*59,frameshift_variant,Variant of unknown origin,RED94-PC44,COSO29005278,COSV53705389,ENSP00000269305.4:p.Glu51ProfsTer59,ENST00000269305.8:c.150_189del,17:g.7676181_7676220del,GCTTCATCTGGACCTGGGTCTTCAGTGAACCATTGTTCAA,,4,6,True,False,False,False,True,False,True
PTEN,10,87864486.0,PTEN,10,87864486.0,87864487.0,c.17_18del,p.K6Rfs*4,frameshift_variant,Reported in another cancer sample as somatic,LNCaP,COSO32054826,COSV64288829,ENSP00000361021.3:p.Lys6ArgfsTer4,ENST00000371953.7:c.17_18del,10:g.87864486_87864487del,AA,,4,6,True,False,False,True,False,False,True
PTEN,10,87864487.0,PTEN,10,87864487.0,87864487.0,c.18del,p.E7Rfs*17,frameshift_variant,Reported in another cancer sample as somatic,LNCaP104S,COSO32054826,COSV64292354,ENSP00000361021.3:p.Glu7ArgfsTer17,ENST00000371953.7:c.18del,10:g.87864487del,A,,4,6,True,False,False,True,False,False,True
PTEN,10,87864487.0,PTEN,10,87864487.0,87864487.0,c.18del,p.E7Rfs*17,frameshift_variant,Reported in another cancer sample as somatic,LNCaP104S,COSO32054826,COSV64292354,ENSP00000361021.3:p.Glu7ArgfsTer17,ENST00000371953.7:c.18del,10:g.87864487del,A,,4,6,True,False,False,True,False,False,True
PTEN,10,87864486.0,PTEN,10,87864486.0,87864487.0,c.17_18del,p.K6Rfs*4,frameshift_variant,Reported in another cancer sample as somatic,LNCaP,COSO32054826,COSV64288829,ENSP00000361021.3:p.Lys6ArgfsTer4,ENST00000371953.7:c.17_18del,10:g.87864486_87864487del,AA,,4,6,True,False,False,True,False,False,True
PTEN,10,87864487.0,PTEN,10,87864487.0,87864487.0,c.18del,p.E7Rfs*17,frameshift_variant,Reported in another cancer sample as somatic,LNCaP,COSO32054826,COSV64292354,ENSP00000361021.3:p.Glu7ArgfsTer17,ENST00000371953.7:c.18del,10:g.87864487del,A,,4,6,True,False,False,True,False,False,True
PTEN,10,87864486.0,PTEN,10,87864486.0,87864487.0,c.17_18del,p.K6Rfs*4,frameshift_variant,Reported in another cancer sample as somatic,LNCaP,COSO32054826,COSV64288829,ENSP00000361021.3:p.Lys6ArgfsTer4,ENST00000371953.7:c.17_18del,10:g.87864486_87864487del,AA,,4,6,True,False,False,True,False,False,True
TP53,17,7674277.0,TP53,17,7674277.0,7674278.0,c.686_687del,p.C229Yfs*10,frameshift_variant,Reported in another cancer sample as somatic,RED94-PC8,COSO29005278,COSV52703049,ENSP00000269305.4:p.Cys229TyrfsTer10,ENST00000269305.8:c.686_687del,17:g.7674277_7674278del,CA,,4,6,True,False,False,False,True,False,True
PTEN,10,87864486.0,PTEN,10,87864486.0,87864487.0,c.17_18del,p.K6Rfs*4,frameshift_variant,Reported in another cancer sample as somatic,LNCaP,COSO32054826,COSV64288829,ENSP00000361021.3:p.Lys6ArgfsTer4,ENST00000371953.7:c.17_18del,10:g.87864486_87864487del,AA,,4,6,True,False,False,True,False,False,True
PTEN,10,87864486.0,PTEN,10,87864486.0,87864487.0,c.17_18del,p.K6Rfs*4,frameshift_variant,Reported in another cancer sample as somatic,LNCaP,COSO32054826,COSV64288829,ENSP00000361021.3:p.Lys6ArgfsTer4,ENST00000371953.7:c.17_18del,10:g.87864486_87864487del,AA,,4,6,True,False,False,True,False,False,True
PTEN,10,87864487.0,PTEN,10,87864487.0,87864487.0,c.18del,p.E7Rfs*17,frameshift_variant,Reported in another cancer sample as somatic,LNCaP,COSO32054826,COSV64292354,ENSP00000361021.3:p.Glu7ArgfsTer17,ENST00000371953.7:c.18del,10:g.87864487del,A,,4,6,True,False,False,True,False,False,True
TP53,17,7674905.0,TP53,17,7674905.0,7674906.0,c.626_627del,p.R209Kfs*6,frameshift_variant,Reported in another cancer sample as somatic,RED94-PC17,COSO29005278,COSV52671587,ENSP00000269305.4:p.Arg209LysfsTer6,ENST00000269305.8:c.626_627del,17:g.7674905_7674906del,CT,,4,6,True,False,False,False,True,False,True
TP53,17,7674904.0,TP53,17,7674904.0,7674904.0,c.629del,p.N210Tfs*37,frameshift_variant,Reported in another cancer sample as somatic,RED94-PC1,COSO29005278,COSV52814996,ENSP00000269305.4:p.Asn210ThrfsTer37,ENST00000269305.8:c.629del,17:g.7674904del,T,,4,6,True,False,False,False,True,False,True
TP53,17,7674905.0,TP53,17,7674905.0,7674906.0,c.626_627del,p.R209Kfs*6,frameshift_variant,Reported in another cancer sample as somatic,RED94-PC17,COSO29005278,COSV52671587,ENSP00000269305.4:p.Arg209LysfsTer6,ENST00000269305.8:c.626_627del,17:g.7674905_7674906del,CT,,4,6,True,False,False,False,True,False,True
TP53,17,7674950.0,TP53,17,7674950.0,7674959.0,c.572_581del,p.P191Lfs*53,frameshift_variant,Reported in another cancer sample as somatic,RED94-PC41,COSO29005278,COSV52760285,ENSP00000269305.4:p.Pro191LeufsTer53,ENST00000269305.8:c.572_581del,17:g.7674950_7674959del,AGATGCTGAG,,4,6,True,False,False,False,True,False,True
TP53,17,7674950.0,TP53,17,7674950.0,7674959.0,c.572_581del,p.P191Lfs*53,frameshift_variant,Reported in another cancer sample as somatic,RED94-PC41,COSO29005278,COSV52760285,ENSP00000269305.4:p.Pro191LeufsTer53,ENST00000269305.8:c.572_581del,17:g.7674950_7674959del,AGATGCTGAG,,4,6,True,False,False,False,True,False,True
TP53,17,7674243.0,TP53,17,7674243.0,7674243.0,c.721del,p.S241Pfs*6,frameshift_variant,Reported in another cancer sample as somatic,RED94-PC28,COSO29005278,COSV52891634,ENSP00000269305.4:p.Ser241ProfsTer6,ENST00000269305.8:c.721del,17:g.7674243del,A,,4,6,True,False,False,False,True,False,True
TP53,17,7675199.0,TP53,17,7675199.0,7675199.0,c.414del,p.K139Rfs*31,frameshift_variant,Reported in another cancer sample as somatic,PC3,COSO32054826,COSV52708439,ENSP00000269305.4:p.Lys139ArgfsTer31,ENST00000269305.8:c.414del,17:g.7675199del,G,,4,6,True,False,False,False,True,False,True
TP53,17,7674894.0,TP53,17,7674894.0,7674894.0,c.637C>T,p.R213*,stop_gained,Reported in another cancer sample as somatic,ZHE06-PC42,COSO32054862,COSV52665560,ENSP00000269305.4:p.Arg213Ter,ENST00000269305.8:c.637C>T,17:g.7674894G>A,G,A,4,6,True,False,False,False,True,False,True
AR,X,67723710.0,AR,X,67723710.0,67723710.0,c.2632A>G,p.T878A,missense_variant,Reported in another cancer sample as somatic,LNCaP,COSO32054826,COSV65953150,ENSP00000363822.3:p.Thr878Ala,ENST00000374690.8:c.2632A>G,X:g.67723710A>G,A,G,2,5,True,False,True,False,False,False,True
AR,X,67723710.0,AR,X,67723710.0,67723710.0,c.2632A>G,p.T878A,missense_variant,Confirmed somatic variant,C4-2B,COSO32054826,COSV65953150,ENSP00000363822.3:p.Thr878Ala,ENST00000374690.8:c.2632A>G,X:g.67723710A>G,A,G,2,5,True,False,True,False,False,False,True
ZFHX3,16,72796912.0,ZFHX3,16,72796912.0,72796912.0,c.5774del,p.G1925Vfs*72,frameshift_variant,Reported in another cancer sample as somatic,22Rv1,COSO32054862,COSV51710890,ENSP00000493252.1:p.Gly1925ValfsTer72,ENST00000641206.2:c.5774del,16:g.72796912del,C,,4,5,True,False,False,False,False,True,True
BRCA2,13,32344567.0,BRCA2,13,32344567.0,32344567.0,c.6851C>T,p.S2284L,missense_variant,Variant of unknown origin,DU145,COSO32054826,COSV66450211,ENSP00000369497.3:p.Ser2284Leu,ENST00000380152.7:c.6851C>T,13:g.32344567C>T,C,T,2,5,True,True,False,False,False,False,True
AR,X,67723710.0,AR,X,67723710.0,67723710.0,c.2632A>G,p.T878A,missense_variant,Confirmed somatic variant,C4-2B,COSO32054826,COSV65953150,ENSP00000363822.3:p.Thr878Ala,ENST00000374690.8:c.2632A>G,X:g.67723710A>G,A,G,2,5,True,False,True,False,False,False,True
AR,X,67723701.0,AR,X,67723701.0,67723701.0,c.2623C>T,p.H875Y,missense_variant,Confirmed somatic variant,22RV1,COSO32054826,COSV65952830,ENSP00000363822.3:p.His875Tyr,ENST00000374690.8:c.2623C>T,X:g.67723701C>T,C,T,2,5,True,False,True,False,False,False,True
AR,X,67723710.0,AR,X,67723710.0,67723710.0,c.2632A>G,p.T878A,missense_variant,Confirmed somatic variant,MDA-Pca-2B,COSO32054826,COSV65953150,ENSP00000363822.3:p.Thr878Ala,ENST00000374690.8:c.2632A>G,X:g.67723710A>G,A,G,2,5,True,False,True,False,False,False,True
AR,X,67711621.0,AR,X,67711621.0,67711621.0,c.2105T>A,p.L702H,missense_variant,Confirmed somatic variant,MDA-Pca-2B,COSO32054826,COSV65953052,ENSP00000363822.3:p.Leu702His,ENST00000374690.8:c.2105T>A,X:g.67711621T>A,T,A,2,5,True,False,True,False,False,False,True
BRCA2,13,32344567.0,BRCA2,13,32344567.0,32344567.0,c.6851C>T,p.S2284L,missense_variant,Variant of unknown origin,DU145,COSO32054826,COSV66450211,ENSP00000369497.3:p.Ser2284Leu,ENST00000380152.7:c.6851C>T,13:g.32344567C>T,C,T,2,5,True,True,False,False,False,False,True
AR,X,67723701.0,AR,X,67723701.0,67723701.0,c.2623C>T,p.H875Y,missense_variant,Reported in another cancer sample as somatic,22Rv1,COSO32054862,COSV65952830,ENSP00000363822.3:p.His875Tyr,ENST00000374690.8:c.2623C>T,X:g.67723701C>T,C,T,2,5,True,False,True,False,False,False,True
AR,X,67723710.0,AR,X,67723710.0,67723710.0,c.2632A>G,p.T878A,missense_variant,Reported in another cancer sample as somatic,LNCaP,COSO32054862,COSV65953150,ENSP00000363822.3:p.Thr878Ala,ENST00000374690.8:c.2632A>G,X:g.67723710A>G,A,G,2,5,True,False,True,False,False,False,True
AR,X,67723710.0,AR,X,67723710.0,67723710.0,c.2632A>G,p.T878A,missense_variant,Confirmed somatic variant,MDA-Pca-2B,COSO32054826,COSV65953150,ENSP00000363822.3:p.Thr878Ala,ENST00000374690.8:c.2632A>G,X:g.67723710A>G,A,G,2,5,True,False,True,False,False,False,True
AR,X,67723710.0,AR,X,67723710.0,67723710.0,c.2632A>G,p.T878A,missense_variant,Reported in another cancer sample as somatic,LNCaP,COSO32054862,COSV65953150,ENSP00000363822.3:p.Thr878Ala,ENST00000374690.8:c.2632A>G,X:g.67723710A>G,A,G,2,5,True,False,True,False,False,False,True
AR,X,67723710.0,AR,X,67723710.0,67723710.0,c.2632A>G,p.T878A,missense_variant,Reported in another cancer sample as somatic,LNCaP104S,COSO32054826,COSV65953150,ENSP00000363822.3:p.Thr878Ala,ENST00000374690.8:c.2632A>G,X:g.67723710A>G,A,G,2,5,True,False,True,False,False,False,True
AR,X,67723710.0,AR,X,67723710.0,67723710.0,c.2632A>G,p.T878A,missense_variant,Reported in another cancer sample as somatic,LNCaP,COSO32054826,COSV65953150,ENSP00000363822.3:p.Thr878Ala,ENST00000374690.8:c.2632A>G,X:g.67723710A>G,A,G,2,5,True,False,True,False,False,False,True
ZFHX3,16,72796912.0,ZFHX3,16,72796912.0,72796912.0,c.5774del,p.G1925Vfs*72,frameshift_variant,Reported in another cancer sample as somatic,22Rv1,COSO32054862,COSV51710890,ENSP00000493252.1:p.Gly1925ValfsTer72,ENST00000641206.2:c.5774del,16:g.72796912del,C,,4,5,True,False,False,False,False,True,True
AR,X,67723710.0,AR,X,67723710.0,67723710.0,c.2632A>G,p.T878A,missense_variant,Reported in another cancer sample as somatic,LNCaP,COSO32054826,COSV65953150,ENSP00000363822.3:p.Thr878Ala,ENST00000374690.8:c.2632A>G,X:g.67723710A>G,A,G,2,5,True,False,True,False,False,False,True
AR,X,67723710.0,AR,X,67723710.0,67723710.0,c.2632A>G,p.T878A,missense_variant,Reported in another cancer sample as somatic,LNCaP104S,COSO32054826,COSV65953150,ENSP00000363822.3:p.Thr878Ala,ENST00000374690.8:c.2632A>G,X:g.67723710A>G,A,G,2,5,True,False,True,False,False,False,True
AR,X,67723710.0,AR,X,67723710.0,67723710.0,c.2632A>G,p.T878A,missense_variant,Reported in another cancer sample as somatic,LNCaP,COSO32054862,COSV65953150,ENSP00000363822.3:p.Thr878Ala,ENST00000374690.8:c.2632A>G,X:g.67723710A>G,A,G,2,5,True,False,True,False,False,False,True
AR,X,67723701.0,AR,X,67723701.0,67723701.0,c.2623C>T,p.H875Y,missense_variant,Reported in another cancer sample as somatic,22Rv1,COSO32054862,COSV65952830,ENSP00000363822.3:p.His875Tyr,ENST00000374690.8:c.2623C>T,X:g.67723701C>T,C,T,2,5,True,False,True,False,False,False,True
AR,X,67723710.0,AR,X,67723710.0,67723710.0,c.2632A>G,p.T878A,missense_variant,Confirmed somatic variant,LNCaP,COSO32054826,COSV65953150,ENSP00000363822.3:p.Thr878Ala,ENST00000374690.8:c.2632A>G,X:g.67723710A>G,A,G,2,5,True,False,True,False,False,False,True
AR,X,67723710.0,AR,X,67723710.0,67723710.0,c.2632A>G,p.T878A,missense_variant,Reported in another cancer sample as somatic,LNCaP,COSO32054826,COSV65953150,ENSP00000363822.3:p.Thr878Ala,ENST00000374690.8:c.2632A>G,X:g.67723710A>G,A,G,2,5,True,False,True,False,False,False,True
AR,X,67723710.0,AR,X,67723710.0,67723710.0,c.2632A>G,p.T878A,missense_variant,Reported in another cancer sample as somatic,LNCaP,COSO32054862,COSV65953150,ENSP00000363822.3:p.Thr878Ala,ENST00000374690.8:c.2632A>G,X:g.67723710A>G,A,G,2,5,True,False,True,False,False,False,True
AR,X,67711621.0,AR,X,67711621.0,67711621.0,c.2105T>A,p.L702H,missense_variant,Confirmed somatic variant,MDA-Pca-2B,COSO32054826,COSV65953052,ENSP00000363822.3:p.Leu702His,ENST00000374690.8:c.2105T>A,X:g.67711621T>A,T,A,2,5,True,False,True,False,False,False,True
NCOR2,12,124473043.0,NCOR2,12,124473043.0,124473043.0,c.500T>C,p.L167P,missense_variant,Variant of unknown origin,LNCaP,COSO32054826,COSV62295110,ENSP00000384018.1:p.Leu167Pro,ENST00000405201.5:c.500T>C,12:g.124473043A>G,A,G,2,5,True,False,True,False,False,False,True
ZFHX3,16,72788693.0,ZFHX3,16,72788693.0,72788693.0,c.9589del,p.Q3197Sfs*44,frameshift_variant,Reported in another cancer sample as somatic,LAPC4,COSO32054862,COSV51713247,ENSP00000493252.1:p.Gln3197SerfsTer44,ENST00000641206.2:c.9589del,16:g.72788693del,G,,4,5,True,False,False,False,False,True,True
ZFHX3,16,72788693.0,ZFHX3,16,72788693.0,72788693.0,c.9589del,p.Q3197Sfs*44,frameshift_variant,Reported in another cancer sample as somatic,LAPC4,COSO32054862,COSV51713247,ENSP00000493252.1:p.Gln3197SerfsTer44,ENST00000641206.2:c.9589del,16:g.72788693del,G,,4,5,True,False,False,False,False,True,True
ZFHX3,16,72796912.0,ZFHX3,16,72796912.0,72796912.0,c.5774del,p.G1925Vfs*72,frameshift_variant,Reported in another cancer sample as somatic,LAPC4,COSO32054862,COSV51710890,ENSP00000493252.1:p.Gly1925ValfsTer72,ENST00000641206.2:c.5774del,16:g.72796912del,C,,4,5,True,False,False,False,False,True,True
AR,X,67723710.0,AR,X,67723710.0,67723710.0,c.2632A>G,p.T878A,missense_variant,Confirmed somatic variant,LNCaP,COSO32054826,COSV65953150,ENSP00000363822.3:p.Thr878Ala,ENST00000374690.8:c.2632A>G,X:g.67723710A>G,A,G,2,5,True,False,True,False,False,False,True
AR,X,67723701.0,AR,X,67723701.0,67723701.0,c.2623C>T,p.H875Y,missense_variant,Confirmed somatic variant,22RV1,COSO32054826,COSV65952830,ENSP00000363822.3:p.His875Tyr,ENST00000374690.8:c.2623C>T,X:g.67723701C>T,C,T,2,5,True,False,True,False,False,False,True
NCOR2,12,124473043.0,NCOR2,12,124473043.0,124473043.0,c.500T>C,p.L167P,missense_variant,Variant of unknown origin,LNCaP104S,COSO32054826,COSV62295110,ENSP00000384018.1:p.Leu167Pro,ENST00000405201.5:c.500T>C,12:g.124473043A>G,A,G,2,5,True,False,True,False,False,False,True
NCOR2,12,124350679.0,NCOR2,12,124350679.0,124350679.0,c.3752G>A,p.S1251N,missense_variant,Variant of unknown origin,LNCaP104S,COSO32054826,COSV62304417,ENSP00000384018.1:p.Ser1251Asn,ENST00000405201.5:c.3752G>A,12:g.124350679C>T,C,T,2,5,True,False,True,False,False,False,True
ZFHX3,16,72889747.0,ZFHX3,16,72889747.0,72889747.0,c.3435del,p.S1146Pfs*41,frameshift_variant,Variant of unknown origin,LAPC4,COSO32054862,COSV51715638,ENSP00000493252.1:p.Ser1146ProfsTer41,ENST00000641206.2:c.3435del,16:g.72889747del,G,,4,5,True,False,False,False,False,True,True
NCOR2,12,124378266.0,NCOR2,12,124378266.0,124378266.0,c.2138A>G,p.N713S,missense_variant,Confirmed somatic variant,NPC38F,COSO319110600,COSV62302928,ENSP00000384018.1:p.Asn713Ser,ENST00000405201.5:c.2138A>G,12:g.124378266T>C,T,C,2,5,True,False,True,False,False,False,True
ZFHX3,16,72796912.0,ZFHX3,16,72796912.0,72796912.0,c.5774del,p.G1925Vfs*72,frameshift_variant,Reported in another cancer sample as somatic,LAPC4,COSO32054862,COSV51710890,ENSP00000493252.1:p.Gly1925ValfsTer72,ENST00000641206.2:c.5774del,16:g.72796912del,C,,4,5,True,False,False,False,False,True,True
ZFHX3,16,72957865.0,ZFHX3,16,72957865.0,72957865.0,c.2287del,p.E763Sfs*61,frameshift_variant,Reported in another cancer sample as somatic,LAPC4,COSO32054862,COSV51712561,ENSP00000493252.1:p.Glu763SerfsTer61,ENST00000641206.2:c.2287del,16:g.72957865del,C,,4,5,True,False,False,False,False,True,True
ZFHX3,16,72889747.0,ZFHX3,16,72889747.0,72889747.0,c.3435del,p.S1146Pfs*41,frameshift_variant,Variant of unknown origin,LAPC4,COSO32054862,COSV51715638,ENSP00000493252.1:p.Ser1146ProfsTer41,ENST00000641206.2:c.3435del,16:g.72889747del,G,,4,5,True,False,False,False,False,True,True
ZFHX3,16,72957865.0,ZFHX3,16,72957865.0,72957865.0,c.2287del,p.E763Sfs*61,frameshift_variant,Reported in another cancer sample as somatic,LAPC4,COSO32054862,COSV51712561,ENSP00000493252.1:p.Glu763SerfsTer61,ENST00000641206.2:c.2287del,16:g.72957865del,C,,4,5,True,False,False,False,False,True,True
NCOR2,12,124350679.0,NCOR2,12,124350679.0,124350679.0,c.3752G>A,p.S1251N,missense_variant,Variant of unknown origin,LNCaP104S,COSO32054826,COSV62304417,ENSP00000384018.1:p.Ser1251Asn,ENST00000405201.5:c.3752G>A,12:g.124350679C>T,C,T,2,5,True,False,True,False,False,False,True
NCOR2,12,124378266.0,NCOR2,12,124378266.0,124378266.0,c.2138A>G,p.N713S,missense_variant,Confirmed somatic variant,NPC38F,COSO319110600,COSV62302928,ENSP00000384018.1:p.Asn713Ser,ENST00000405201.5:c.2138A>G,12:g.124378266T>C,T,C,2,5,True,False,True,False,False,False,True
NCOR2,12,124473043.0,NCOR2,12,124473043.0,124473043.0,c.500T>C,p.L167P,missense_variant,Variant of unknown origin,LNCaP,COSO32054826,COSV62295110,ENSP00000384018.1:p.Leu167Pro,ENST00000405201.5:c.500T>C,12:g.124473043A>G,A,G,2,5,True,False,True,False,False,False,True
NCOR2,12,124473043.0,NCOR2,12,124473043.0,124473043.0,c.500T>C,p.L167P,missense_variant,Variant of unknown origin,LNCaP104S,COSO32054826,COSV62295110,ENSP00000384018.1:p.Leu167Pro,ENST00000405201.5:c.500T>C,12:g.124473043A>G,A,G,2,5,True,False,True,False,False,False,True
TP53,17,7675062.0,TP53,17,7675062.0,7675062.0,c.550G>A,p.D184N,missense_variant,Variant of unknown origin,ZHE06-PC23,COSO32054862,COSV52688642,ENSP00000269305.4:p.Asp184Asn,ENST00000269305.8:c.550G>A,17:g.7675062C>T,C,T,2,4,True,False,False,False,True,False,True
TP53,17,7670687.0,TP53,17,7670687.0,7670687.0,c.1022T>G,p.F341C,missense_variant,Reported in another cancer sample as somatic,ZHE06-PC36,COSO32054862,COSV53575906,ENSP00000269305.4:p.Phe341Cys,ENST00000269305.8:c.1022T>G,17:g.7670687A>C,A,C,2,4,True,False,False,False,True,False,True
TP53,17,7674200.0,TP53,17,7674200.0,7674200.0,c.763A>T,p.I255F,missense_variant,Reported in another cancer sample as somatic,RED94-PC16,COSO29005278,COSV52663197,ENSP00000269305.4:p.Ile255Phe,ENST00000269305.8:c.763A>T,17:g.7674200T>A,T,A,2,4,True,False,False,False,True,False,True
TP53,17,7673803.0,TP53,17,7673803.0,7673803.0,c.817C>T,p.R273C,missense_variant,Reported in another cancer sample as somatic,RED94-PC13,COSO29005278,COSV52662066,ENSP00000269305.4:p.Arg273Cys,ENST00000269305.8:c.817C>T,17:g.7673803G>A,G,A,2,4,True,False,False,False,True,False,True
TP53,17,7674259.0,TP53,17,7674259.0,7674259.0,c.704A>G,p.N235S,missense_variant,Reported in another cancer sample as somatic,ZHE06-PC2,COSO32054862,COSV52700907,ENSP00000269305.4:p.Asn235Ser,ENST00000269305.8:c.704A>G,17:g.7674259T>C,T,C,2,4,True,False,False,False,True,False,True
TP53,17,7675088.0,TP53,17,7675088.0,7675088.0,c.524G>A,p.R175H,missense_variant,Reported in another cancer sample as somatic,RED94-PC9,COSO29005278,COSV52661038,ENSP00000269305.4:p.Arg175His,ENST00000269305.8:c.524G>A,17:g.7675088C>T,C,T,2,4,True,False,False,False,True,False,True
TP53,17,7674886.0,TP53,17,7674886.0,7674886.0,c.645T>A,p.S215R,missense_variant,Reported in another cancer sample as somatic,ZHE06-PC67,COSO32054862,COSV52798196,ENSP00000269305.4:p.Ser215Arg,ENST00000269305.8:c.645T>A,17:g.7674886A>T,A,T,2,4,True,False,False,False,True,False,True
TP53,17,7673803.0,TP53,17,7673803.0,7673803.0,c.817C>T,p.R273C,missense_variant,Reported in another cancer sample as somatic,RED94-PC43,COSO29005278,COSV52662066,ENSP00000269305.4:p.Arg273Cys,ENST00000269305.8:c.817C>T,17:g.7673803G>A,G,A,2,4,True,False,False,False,True,False,True
TP53,17,7673800.0,TP53,17,7673800.0,7673800.0,c.820G>T,p.V274F,missense_variant,Reported in another cancer sample as somatic,DU145,COSO32054826,COSV52707923,ENSP00000269305.4:p.Val274Phe,ENST00000269305.8:c.820G>T,17:g.7673800C>A,C,A,2,4,True,False,False,False,True,False,True
TP53,17,7673788.0,TP53,17,7673788.0,7673788.0,c.832C>T,p.P278S,missense_variant,Reported in another cancer sample as somatic,RED94-PC26,COSO29005278,COSV52684662,ENSP00000269305.4:p.Pro278Ser,ENST00000269305.8:c.832C>T,17:g.7673788G>A,G,A,2,4,True,False,False,False,True,False,True
TP53,17,7674953.0,TP53,17,7674953.0,7674953.0,c.578A>G,p.H193R,missense_variant,Reported in another cancer sample as somatic,ZHE06-PC41,COSO32054862,COSV52662414,ENSP00000269305.4:p.His193Arg,ENST00000269305.8:c.578A>G,17:g.7674953T>C,T,C,2,4,True,False,False,False,True,False,True
TP53,17,7675204.0,TP53,17,7675204.0,7675204.0,c.408A>T,p.Q136H,missense_variant,Reported in another cancer sample as somatic,ZHE06-PC25,COSO32054862,COSV52979889,ENSP00000269305.4:p.Gln136His,ENST00000269305.8:c.408A>T,17:g.7675204T>A,T,A,2,4,True,False,False,False,True,False,True
TP53,17,7674199.0,TP53,17,7674199.0,7674199.0,c.764T>A,p.I255N,missense_variant,Reported in another cancer sample as somatic,RED94-PC45,COSO29005278,COSV52714133,ENSP00000269305.4:p.Ile255Asn,ENST00000269305.8:c.764T>A,17:g.7674199A>T,A,T,2,4,True,False,False,False,True,False,True
TP53,17,7675139.0,TP53,17,7675139.0,7675139.0,c.473G>C,p.R158P,missense_variant,Reported in another cancer sample as somatic,RED94-PC38,COSO29005278,COSV52678258,ENSP00000269305.4:p.Arg158Pro,ENST00000269305.8:c.473G>C,17:g.7675139C>G,C,G,2,4,True,False,False,False,True,False,True
TP53,17,7674893.0,TP53,17,7674893.0,7674893.0,c.638G>T,p.R213L,missense_variant,Reported in another cancer sample as somatic,RED94-PC39,COSO29005278,COSV52668963,ENSP00000269305.4:p.Arg213Leu,ENST00000269305.8:c.638G>T,17:g.7674893C>A,C,A,2,4,True,False,False,False,True,False,True
TP53,17,7674863.0,TP53,17,7674863.0,7674863.0,c.668C>T,p.P223L,missense_variant,Reported in another cancer sample as somatic,DU145,COSO32054826,COSV52728555,ENSP00000269305.4:p.Pro223Leu,ENST00000269305.8:c.668C>T,17:g.7674863G>A,G,A,2,4,True,False,False,False,True,False,True
MTOR,1,11133112.0,MTOR,1,11133112.0,11133112.0,c.5332G>T,p.A1778S,missense_variant,Confirmed somatic variant,NPC30F,COSO319110600,COSV63869557,ENSP00000354558.4:p.Ala1778Ser,ENST00000361445.8:c.5332G>T,1:g.11133112C>A,C,A,2,4,True,False,False,True,False,False,True
TP53,17,7674918.0,TP53,17,7674918.0,7674918.0,c.613T>C,p.Y205H,missense_variant,Reported in another cancer sample as somatic,RED94-PC15,COSO29005278,COSV52806341,ENSP00000269305.4:p.Tyr205His,ENST00000269305.8:c.613T>C,17:g.7674918A>G,A,G,2,4,True,False,False,False,True,False,True
PIK3CA,3,179218307.0,PIK3CA,3,179218307.0,179218307.0,c.1637A>G,p.Q546R,missense_variant,Reported in another cancer sample as somatic,CWR22Rv1,COSO32054826,COSV55876869,ENSP00000263967.3:p.Gln546Arg,ENST00000263967.3:c.1637A>G,3:g.179218307A>G,A,G,2,4,True,False,False,True,False,False,True
TSC1,9,132896630.0,TSC1,9,132896630.0,132896630.0,c.3100G>T,p.G1034C,missense_variant,Variant of unknown origin,DU145,COSO32054826,COSV53764785,ENSP00000298552.3:p.Gly1034Cys,ENST00000298552.8:c.3100G>T,9:g.132896630C>A,C,A,2,4,True,False,False,True,False,False,True
TP53,17,7673775.0,TP53,17,7673775.0,7673775.0,c.845G>A,p.R282Q,missense_variant,Reported in another cancer sample as somatic,ZHE06-PC70,COSO32054862,COSV52689673,ENSP00000269305.4:p.Arg282Gln,ENST00000269305.8:c.845G>A,17:g.7673775C>T,C,T,2,4,True,False,False,False,True,False,True
TP53,17,7673587.0,TP53,17,7673587.0,7673587.0,c.941C>G,p.S314C,missense_variant,Confirmed somatic variant,NPC32F,COSO319110600,COSV52895715,ENSP00000269305.4:p.Ser314Cys,ENST00000269305.8:c.941C>G,17:g.7673587G>C,G,C,2,4,True,False,False,False,True,False,True
TP53,17,7674263.0,TP53,17,7674263.0,7674263.0,c.700T>C,p.Y234H,missense_variant,Confirmed somatic variant,C4-2B,COSO32054826,COSV52694920,ENSP00000269305.4:p.Tyr234His,ENST00000269305.8:c.700T>C,17:g.7674263A>G,A,G,2,4,True,False,False,False,True,False,True
TP53,17,7674220.0,TP53,17,7674220.0,7674220.0,c.743G>A,p.R248Q,missense_variant,Reported in another cancer sample as somatic,RED94-PC30,COSO29005278,COSV52661580,ENSP00000269305.4:p.Arg248Gln,ENST00000269305.8:c.743G>A,17:g.7674220C>T,C,T,2,4,True,False,False,False,True,False,True
TP53,17,7673821.0,TP53,17,7673821.0,7673821.0,c.799C>T,p.R267W,missense_variant,Reported in another cancer sample as somatic,ZHE06-PC51,COSO32054862,COSV52678166,ENSP00000269305.4:p.Arg267Trp,ENST00000269305.8:c.799C>T,17:g.7673821G>A,G,A,2,4,True,False,False,False,True,False,True
TP53,17,7674221.0,TP53,17,7674221.0,7674221.0,c.742C>T,p.R248W,missense_variant,Confirmed somatic variant,VCaP,COSO32054826,COSV52662035,ENSP00000269305.4:p.Arg248Trp,ENST00000269305.8:c.742C>T,17:g.7674221G>A,G,A,2,4,True,False,False,False,True,False,True
ZFHX3,16,72798732.0,ZFHX3,16,72798732.0,72798735.0,c.3968-9_3968-6del,p.?,"intron_variant,splice_region_variant",Reported in another cancer sample as somatic,LAPC4,COSO32054862,COSV51715627,,ENST00000641206.2:c.3968-9_3968-6del,16:g.72798732_72798735del,AAAA,,3,4,True,False,False,False,False,True,True
MTOR,1,11133112.0,MTOR,1,11133112.0,11133112.0,c.5332G>T,p.A1778S,missense_variant,Confirmed somatic variant,NPC30F,COSO319110600,COSV63869557,ENSP00000354558.4:p.Ala1778Ser,ENST00000361445.8:c.5332G>T,1:g.11133112C>A,C,A,2,4,True,False,False,True,False,False,True
ZFHX3,16,72798734.0,ZFHX3,16,72798734.0,72798735.0,c.3968-7_3968-6del,p.?,"intron_variant,splice_region_variant",Variant of unknown origin,LNCaP,COSO32054862,COSV51718647,,ENST00000641206.2:c.3968-7_3968-6del,16:g.72798734_72798735del,AA,,3,4,True,False,False,False,False,True,True
ZFHX3,16,72798731.0,ZFHX3,16,72798731.0,72798735.0,c.3968-10_3968-6del,p.?,"intron_variant,splice_region_variant",Variant of unknown origin,22Rv1,COSO32054862,COSV51726369,,ENST00000641206.2:c.3968-10_3968-6del,16:g.72798731_72798735del,AAAAA,,3,4,True,False,False,False,False,True,True
TP53,17,7675077.0,TP53,17,7675077.0,7675077.0,c.535C>T,p.H179Y,missense_variant,Reported in another cancer sample as somatic,ZHE06-PC38,COSO32054862,COSV52662617,ENSP00000269305.4:p.His179Tyr,ENST00000269305.8:c.535C>T,17:g.7675077G>A,G,A,2,4,True,False,False,False,True,False,True
TP53,17,7673781.0,TP53,17,7673781.0,7673781.0,c.839G>C,p.R280T,missense_variant,Confirmed somatic variant,NPC34F,COSO319110600,COSV52677783,ENSP00000269305.4:p.Arg280Thr,ENST00000269305.8:c.839G>C,17:g.7673781C>G,C,G,2,4,True,False,False,False,True,False,True
CDC73,1,193122264.0,CDC73,1,193122264.0,193122273.0,c.64_73del,p.G22*,frameshift_variant,Confirmed somatic variant,PC31T,COSO31804862,COSV66468483,ENSP00000356405.3:p.Gly22Ter,ENST00000367435.3:c.64_73del,1:g.193122264_193122273del,GGAGACGAAG,,4,4,True,False,False,False,False,False,False
CDC73,1,193142037.0,CDC73,1,193142037.0,193142037.0,c.700C>T,p.R234*,stop_gained,Confirmed somatic variant,PC31T,COSO31804862,COSV66467849,ENSP00000356405.3:p.Arg234Ter,ENST00000367435.3:c.700C>T,1:g.193142037C>T,C,T,4,4,True,False,False,False,False,False,False
PIK3R1,5,68296271.0,PIK3R1,5,68296271.0,68296271.0,c.1915C>T,p.R639*,stop_gained,Reported in another cancer sample as somatic,LNCaP,COSO32054826,COSV57126125,ENSP00000428056.1:p.Arg639Ter,ENST00000521381.5:c.1915C>T,5:g.68296271C>T,C,T,4,4,True,False,False,False,False,False,False
TP53,17,7674259.0,TP53,17,7674259.0,7674259.0,c.704A>G,p.N235S,missense_variant,Reported in another cancer sample as somatic,ZHE06-PC2,COSO32054862,COSV52700907,ENSP00000269305.4:p.Asn235Ser,ENST00000269305.8:c.704A>G,17:g.7674259T>C,T,C,2,4,True,False,False,False,True,False,True
TP53,17,7670687.0,TP53,17,7670687.0,7670687.0,c.1022T>G,p.F341C,missense_variant,Reported in another cancer sample as somatic,ZHE06-PC36,COSO32054862,COSV53575906,ENSP00000269305.4:p.Phe341Cys,ENST00000269305.8:c.1022T>G,17:g.7670687A>C,A,C,2,4,True,False,False,False,True,False,True
PTPN6,12,6956153.0,PTPN6,12,6956153.0,6956153.0,c.856C>T,p.R286*,stop_gained,Variant of unknown origin,LNCaP104S,COSO32054826,COSV59686272,ENSP00000391592.1:p.Arg286Ter,ENST00000456013.5:c.856C>T,12:g.6956153C>T,C,T,4,4,True,False,False,False,False,False,False
ZFHX3,16,72798733.0,ZFHX3,16,72798733.0,72798735.0,c.3968-8_3968-6del,p.?,"intron_variant,splice_region_variant",Variant of unknown origin,DU145,COSO32054862,COSV51735983,,ENST00000641206.2:c.3968-8_3968-6del,16:g.72798733_72798735del,AAA,,3,4,True,False,False,False,False,True,True
PIK3R1,5,68296271.0,PIK3R1,5,68296271.0,68296271.0,c.1915C>T,p.R639*,stop_gained,Reported in another cancer sample as somatic,LNCaP104S,COSO32054826,COSV57126125,ENSP00000428056.1:p.Arg639Ter,ENST00000521381.5:c.1915C>T,5:g.68296271C>T,C,T,4,4,True,False,False,False,False,False,False
ZFHX3,16,72788127.0,ZFHX3,16,72788127.0,72788147.0,c.10142_10162del,p.R3381_Q3387del,inframe_deletion,Reported in another cancer sample as somatic,22Rv1,COSO32054862,COSV51714188,ENSP00000493252.1:p.Arg3381_Gln3387del,ENST00000641206.2:c.10142_10162del,16:g.72788127_72788147del,TAGTTGCCGCTGCTGCTGCTG,,3,4,True,False,False,False,False,True,True
ARID1A,1,26697230.0,ARID1A,1,26697230.0,26697230.0,c.827del,p.G276Efs*87,frameshift_variant,Confirmed somatic variant,NPC3D,COSO319110600,COSV61371305,ENSP00000320485.7:p.Gly276GlufsTer87,ENST00000324856.12:c.827del,1:g.26697230del,G,,4,4,True,False,False,False,False,False,False
TP53,17,7675204.0,TP53,17,7675204.0,7675204.0,c.408A>T,p.Q136H,missense_variant,Reported in another cancer sample as somatic,ZHE06-PC25,COSO32054862,COSV52979889,ENSP00000269305.4:p.Gln136His,ENST00000269305.8:c.408A>T,17:g.7675204T>A,T,A,2,4,True,False,False,False,True,False,True
TP53,17,7674199.0,TP53,17,7674199.0,7674199.0,c.764T>A,p.I255N,missense_variant,Reported in another cancer sample as somatic,RED94-PC45,COSO29005278,COSV52714133,ENSP00000269305.4:p.Ile255Asn,ENST00000269305.8:c.764T>A,17:g.7674199A>T,A,T,2,4,True,False,False,False,True,False,True
TP53,17,7675139.0,TP53,17,7675139.0,7675139.0,c.473G>C,p.R158P,missense_variant,Reported in another cancer sample as somatic,RED94-PC38,COSO29005278,COSV52678258,ENSP00000269305.4:p.Arg158Pro,ENST00000269305.8:c.473G>C,17:g.7675139C>G,C,G,2,4,True,False,False,False,True,False,True
TP53,17,7674863.0,TP53,17,7674863.0,7674863.0,c.668C>T,p.P223L,missense_variant,Reported in another cancer sample as somatic,DU145,COSO32054826,COSV52728555,ENSP00000269305.4:p.Pro223Leu,ENST00000269305.8:c.668C>T,17:g.7674863G>A,G,A,2,4,True,False,False,False,True,False,True
TP53,17,7673775.0,TP53,17,7673775.0,7673775.0,c.845G>A,p.R282Q,missense_variant,Reported in another cancer sample as somatic,ZHE06-PC70,COSO32054862,COSV52689673,ENSP00000269305.4:p.Arg282Gln,ENST00000269305.8:c.845G>A,17:g.7673775C>T,C,T,2,4,True,False,False,False,True,False,True
TP53,17,7674263.0,TP53,17,7674263.0,7674263.0,c.700T>C,p.Y234H,missense_variant,Confirmed somatic variant,C4-2B,COSO32054826,COSV52694920,ENSP00000269305.4:p.Tyr234His,ENST00000269305.8:c.700T>C,17:g.7674263A>G,A,G,2,4,True,False,False,False,True,False,True
TP53,17,7673587.0,TP53,17,7673587.0,7673587.0,c.941C>G,p.S314C,missense_variant,Confirmed somatic variant,NPC32F,COSO319110600,COSV52895715,ENSP00000269305.4:p.Ser314Cys,ENST00000269305.8:c.941C>G,17:g.7673587G>C,G,C,2,4,True,False,False,False,True,False,True
TP53,17,7673803.0,TP53,17,7673803.0,7673803.0,c.817C>T,p.R273C,missense_variant,Reported in another cancer sample as somatic,RED94-PC13,COSO29005278,COSV52662066,ENSP00000269305.4:p.Arg273Cys,ENST00000269305.8:c.817C>T,17:g.7673803G>A,G,A,2,4,True,False,False,False,True,False,True
TP53,17,7673821.0,TP53,17,7673821.0,7673821.0,c.799C>T,p.R267W,missense_variant,Reported in another cancer sample as somatic,ZHE06-PC51,COSO32054862,COSV52678166,ENSP00000269305.4:p.Arg267Trp,ENST00000269305.8:c.799C>T,17:g.7673821G>A,G,A,2,4,True,False,False,False,True,False,True
TP53,17,7674220.0,TP53,17,7674220.0,7674220.0,c.743G>A,p.R248Q,missense_variant,Reported in another cancer sample as somatic,RED94-PC30,COSO29005278,COSV52661580,ENSP00000269305.4:p.Arg248Gln,ENST00000269305.8:c.743G>A,17:g.7674220C>T,C,T,2,4,True,False,False,False,True,False,True
TP53,17,7674200.0,TP53,17,7674200.0,7674200.0,c.763A>T,p.I255F,missense_variant,Reported in another cancer sample as somatic,RED94-PC16,COSO29005278,COSV52663197,ENSP00000269305.4:p.Ile255Phe,ENST00000269305.8:c.763A>T,17:g.7674200T>A,T,A,2,4,True,False,False,False,True,False,True
TP53,17,7674221.0,TP53,17,7674221.0,7674221.0,c.742C>T,p.R248W,missense_variant,Confirmed somatic variant,VCaP,COSO32054826,COSV52662035,ENSP00000269305.4:p.Arg248Trp,ENST00000269305.8:c.742C>T,17:g.7674221G>A,G,A,2,4,True,False,False,False,True,False,True
TP53,17,7675088.0,TP53,17,7675088.0,7675088.0,c.524G>A,p.R175H,missense_variant,Reported in another cancer sample as somatic,RED94-PC9,COSO29005278,COSV52661038,ENSP00000269305.4:p.Arg175His,ENST00000269305.8:c.524G>A,17:g.7675088C>T,C,T,2,4,True,False,False,False,True,False,True
TP53,17,7674886.0,TP53,17,7674886.0,7674886.0,c.645T>A,p.S215R,missense_variant,Reported in another cancer sample as somatic,ZHE06-PC67,COSO32054862,COSV52798196,ENSP00000269305.4:p.Ser215Arg,ENST00000269305.8:c.645T>A,17:g.7674886A>T,A,T,2,4,True,False,False,False,True,False,True
TP53,17,7673803.0,TP53,17,7673803.0,7673803.0,c.817C>T,p.R273C,missense_variant,Reported in another cancer sample as somatic,RED94-PC43,COSO29005278,COSV52662066,ENSP00000269305.4:p.Arg273Cys,ENST00000269305.8:c.817C>T,17:g.7673803G>A,G,A,2,4,True,False,False,False,True,False,True
TP53,17,7673800.0,TP53,17,7673800.0,7673800.0,c.820G>T,p.V274F,missense_variant,Reported in another cancer sample as somatic,DU145,COSO32054826,COSV52707923,ENSP00000269305.4:p.Val274Phe,ENST00000269305.8:c.820G>T,17:g.7673800C>A,C,A,2,4,True,False,False,False,True,False,True
TP53,17,7673788.0,TP53,17,7673788.0,7673788.0,c.832C>T,p.P278S,missense_variant,Reported in another cancer sample as somatic,RED94-PC26,COSO29005278,COSV52684662,ENSP00000269305.4:p.Pro278Ser,ENST00000269305.8:c.832C>T,17:g.7673788G>A,G,A,2,4,True,False,False,False,True,False,True
TET2,4,105236446.0,TET2,4,105236446.0,105236446.0,c.2504C>G,p.S835*,stop_gained,Confirmed somatic variant,NPC38F,COSO319110600,COSV54406190,ENSP00000442788.1:p.Ser835Ter,ENST00000540549.5:c.2504C>G,4:g.105236446C>G,C,G,4,4,True,False,False,False,False,False,False
KMT2C,7,152145269.0,KMT2C,7,152145269.0,152145269.0,c.14059del,p.Y4687Ifs*29,frameshift_variant,Confirmed somatic variant,MDA-Pca-2B,COSO32054826,COSV51493661,ENSP00000262189.6:p.Tyr4687IlefsTer29,ENST00000262189.10:c.14059del,7:g.152145269del,A,,4,4,True,False,False,False,False,False,False
TP53,17,7674953.0,TP53,17,7674953.0,7674953.0,c.578A>G,p.H193R,missense_variant,Reported in another cancer sample as somatic,ZHE06-PC41,COSO32054862,COSV52662414,ENSP00000269305.4:p.His193Arg,ENST00000269305.8:c.578A>G,17:g.7674953T>C,T,C,2,4,True,False,False,False,True,False,True
TP53,17,7674918.0,TP53,17,7674918.0,7674918.0,c.613T>C,p.Y205H,missense_variant,Reported in another cancer sample as somatic,RED94-PC15,COSO29005278,COSV52806341,ENSP00000269305.4:p.Tyr205His,ENST00000269305.8:c.613T>C,17:g.7674918A>G,A,G,2,4,True,False,False,False,True,False,True
TP53,17,7674893.0,TP53,17,7674893.0,7674893.0,c.638G>T,p.R213L,missense_variant,Reported in another cancer sample as somatic,RED94-PC39,COSO29005278,COSV52668963,ENSP00000269305.4:p.Arg213Leu,ENST00000269305.8:c.638G>T,17:g.7674893C>A,C,A,2,4,True,False,False,False,True,False,True
IRS4,X,108734571.0,IRS4,X,108734571.0,108734572.0,c.1773_1774insG,p.K592Efs*12,frameshift_variant,Reported in another cancer sample as somatic,NPC3D,COSO319110600,COSV64532661,ENSP00000361202.2:p.Lys592GlufsTer12,ENST00000372129.3:c.1773_1774insG,X:g.108734571_108734572insC,,C,4,4,True,False,False,False,False,False,False
NF1,17,31229450.0,NF1,17,31229450.0,31229450.0,c.2835del,p.F945Lfs*9,frameshift_variant,Reported in another cancer sample as somatic,LAPC4,COSO32054826,COSV62192304,ENSP00000351015.4:p.Phe945LeufsTer9,ENST00000358273.8:c.2835del,17:g.31229450del,T,,4,4,True,False,False,False,False,False,False
TET2,4,105235912.0,TET2,4,105235912.0,105235912.0,c.1970C>G,p.S657*,stop_gained,Confirmed somatic variant,NPC38F,COSO319110600,COSV54428761,ENSP00000442788.1:p.Ser657Ter,ENST00000540549.5:c.1970C>G,4:g.105235912C>G,C,G,4,4,True,False,False,False,False,False,False
TP53,17,7673803.0,TP53,17,7673803.0,7673803.0,c.817C>T,p.R273C,missense_variant,Reported in another cancer sample as somatic,RED94-PC35,COSO29005278,COSV52662066,ENSP00000269305.4:p.Arg273Cys,ENST00000269305.8:c.817C>T,17:g.7673803G>A,G,A,2,4,True,False,False,False,True,False,True
JAK1,1,64860156.0,JAK1,1,64860156.0,64860157.0,c.1289dup,p.L431Vfs*22,frameshift_variant,Reported in another cancer sample as somatic,LNCaP,COSO32054862,COSV61087635,ENSP00000343204.4:p.Leu431ValfsTer22,ENST00000342505.4:c.1289dup,1:g.64860156dup,,G,4,4,True,False,False,False,False,False,False
JAK1,1,64860156.0,JAK1,1,64860156.0,64860156.0,c.1289del,p.P430Rfs*2,frameshift_variant,Reported in another cancer sample as somatic,LNCaP,COSO32054826,COSV61087940,ENSP00000343204.4:p.Pro430ArgfsTer2,ENST00000342505.4:c.1289del,1:g.64860156del,G,,4,4,True,False,False,False,False,False,False
JAK1,1,64860156.0,JAK1,1,64860156.0,64860156.0,c.1289del,p.P430Rfs*2,frameshift_variant,Reported in another cancer sample as somatic,LNCaP104S,COSO32054826,COSV61087940,ENSP00000343204.4:p.Pro430ArgfsTer2,ENST00000342505.4:c.1289del,1:g.64860156del,G,,4,4,True,False,False,False,False,False,False
MEN1,11,64806342.0,MEN1,11,64806342.0,64806342.0,c.954T>A,p.Y318*,stop_gained,Variant of unknown origin,LNCaP,COSO32054826,COSV53641297,ENSP00000337088.1:p.Tyr318Ter,ENST00000337652.5:c.954T>A,11:g.64806342A>T,A,T,4,4,True,False,False,False,False,False,False
TP53,17,7675062.0,TP53,17,7675062.0,7675062.0,c.550G>A,p.D184N,missense_variant,Variant of unknown origin,ZHE06-PC23,COSO32054862,COSV52688642,ENSP00000269305.4:p.Asp184Asn,ENST00000269305.8:c.550G>A,17:g.7675062C>T,C,T,2,4,True,False,False,False,True,False,True
TP53,17,7673803.0,TP53,17,7673803.0,7673803.0,c.817C>T,p.R273C,missense_variant,Reported in another cancer sample as somatic,RED94-PC35,COSO29005278,COSV52662066,ENSP00000269305.4:p.Arg273Cys,ENST00000269305.8:c.817C>T,17:g.7673803G>A,G,A,2,4,True,False,False,False,True,False,True
KMT2D,12,49033883.0,KMT2D,12,49033883.0,49033883.0,c.10822C>T,p.Q3608*,stop_gained,Confirmed somatic variant,NPC3D,COSO319110600,COSV56477710,ENSP00000301067.7:p.Gln3608Ter,ENST00000301067.11:c.10822C>T,12:g.49033883G>A,G,A,4,4,True,False,False,False,False,False,False
PTEN,10,87933148.0,PTEN,10,87933148.0,87933148.0,c.389G>A,p.R130Q,missense_variant,Confirmed somatic variant,MDA-Pca-2B,COSO32054826,COSV64288376,ENSP00000361021.3:p.Arg130Gln,ENST00000371953.7:c.389G>A,10:g.87933148G>A,G,A,2,4,True,False,False,True,False,False,True
PIK3CA,3,179218307.0,PIK3CA,3,179218307.0,179218307.0,c.1637A>G,p.Q546R,missense_variant,Reported in another cancer sample as somatic,CWR22Rv1,COSO32054826,COSV55876869,ENSP00000263967.3:p.Gln546Arg,ENST00000263967.3:c.1637A>G,3:g.179218307A>G,A,G,2,4,True,False,False,True,False,False,True
TSC1,9,132896630.0,TSC1,9,132896630.0,132896630.0,c.3100G>T,p.G1034C,missense_variant,Variant of unknown origin,DU145,COSO32054826,COSV53764785,ENSP00000298552.3:p.Gly1034Cys,ENST00000298552.8:c.3100G>T,9:g.132896630C>A,C,A,2,4,True,False,False,True,False,False,True
MEN1,11,64806342.0,MEN1,11,64806342.0,64806342.0,c.954T>A,p.Y318*,stop_gained,Variant of unknown origin,LNCaP104S,COSO32054826,COSV53641297,ENSP00000337088.1:p.Tyr318Ter,ENST00000337652.5:c.954T>A,11:g.64806342A>T,A,T,4,4,True,False,False,False,False,False,False
MEN1,11,64806342.0,MEN1,11,64806342.0,64806342.0,c.954T>A,p.Y318*,stop_gained,Variant of unknown origin,LNCaP,COSO32054826,COSV53641297,ENSP00000337088.1:p.Tyr318Ter,ENST00000337652.5:c.954T>A,11:g.64806342A>T,A,T,4,4,True,False,False,False,False,False,False
ZFHX3,16,72798733.0,ZFHX3,16,72798733.0,72798735.0,c.3968-8_3968-6del,p.?,"intron_variant,splice_region_variant",Variant of unknown origin,DU145,COSO32054862,COSV51735983,,ENST00000641206.2:c.3968-8_3968-6del,16:g.72798733_72798735del,AAA,,3,4,True,False,False,False,False,True,True
PTEN,10,87933148.0,PTEN,10,87933148.0,87933148.0,c.389G>A,p.R130Q,missense_variant,Confirmed somatic variant,MDA-Pca-2B,COSO32054826,COSV64288376,ENSP00000361021.3:p.Arg130Gln,ENST00000371953.7:c.389G>A,10:g.87933148G>A,G,A,2,4,True,False,False,True,False,False,True
ZFHX3,16,72798731.0,ZFHX3,16,72798731.0,72798735.0,c.3968-10_3968-6del,p.?,"intron_variant,splice_region_variant",Variant of unknown origin,22Rv1,COSO32054862,COSV51726369,,ENST00000641206.2:c.3968-10_3968-6del,16:g.72798731_72798735del,AAAAA,,3,4,True,False,False,False,False,True,True
ZFHX3,16,72788127.0,ZFHX3,16,72788127.0,72788147.0,c.10142_10162del,p.R3381_Q3387del,inframe_deletion,Reported in another cancer sample as somatic,22Rv1,COSO32054862,COSV51714188,ENSP00000493252.1:p.Arg3381_Gln3387del,ENST00000641206.2:c.10142_10162del,16:g.72788127_72788147del,TAGTTGCCGCTGCTGCTGCTG,,3,4,True,False,False,False,False,True,True
TP53,17,7675077.0,TP53,17,7675077.0,7675077.0,c.535C>T,p.H179Y,missense_variant,Reported in another cancer sample as somatic,ZHE06-PC38,COSO32054862,COSV52662617,ENSP00000269305.4:p.His179Tyr,ENST00000269305.8:c.535C>T,17:g.7675077G>A,G,A,2,4,True,False,False,False,True,False,True
TP53,17,7673781.0,TP53,17,7673781.0,7673781.0,c.839G>C,p.R280T,missense_variant,Confirmed somatic variant,NPC34F,COSO319110600,COSV52677783,ENSP00000269305.4:p.Arg280Thr,ENST00000269305.8:c.839G>C,17:g.7673781C>G,C,G,2,4,True,False,False,False,True,False,True
ZFHX3,16,72798732.0,ZFHX3,16,72798732.0,72798735.0,c.3968-9_3968-6del,p.?,"intron_variant,splice_region_variant",Reported in another cancer sample as somatic,LAPC4,COSO32054862,COSV51715627,,ENST00000641206.2:c.3968-9_3968-6del,16:g.72798732_72798735del,AAAA,,3,4,True,False,False,False,False,True,True
ZFHX3,16,72798734.0,ZFHX3,16,72798734.0,72798735.0,c.3968-7_3968-6del,p.?,"intron_variant,splice_region_variant",Variant of unknown origin,LNCaP,COSO32054862,COSV51718647,,ENST00000641206.2:c.3968-7_3968-6del,16:g.72798734_72798735del,AA,,3,4,True,False,False,False,False,True,True
TGFBR2,3,30650389.0,TGFBR2,3,30650389.0,30650389.0,c.458del,p.K153Sfs*35,frameshift_variant,Reported in another cancer sample as somatic,22Rv1,COSO32054826,COSV55442522,ENSP00000351905.4:p.Lys153SerfsTer35,ENST00000359013.4:c.458del,3:g.30650389del,A,,4,4,True,False,False,False,False,False,False
TGFBR2,3,30650389.0,TGFBR2,3,30650389.0,30650389.0,c.458del,p.K153Sfs*35,frameshift_variant,Reported in another cancer sample as somatic,MDA-PCa-2b,COSO32054826,COSV55442522,ENSP00000351905.4:p.Lys153SerfsTer35,ENST00000359013.4:c.458del,3:g.30650389del,A,,4,4,True,False,False,False,False,False,False
SRGAP3,3,8993054.0,SRGAP3,3,8993054.0,8993054.0,c.2410G>T,p.D804Y,"missense_variant,splice_region_variant",Confirmed somatic variant,NPC37F,COSO319110600,COSV64537050,ENSP00000373347.3:p.Asp804Tyr,ENST00000383836.7:c.2410G>T,3:g.8993054C>A,C,A,3,3,True,False,False,False,False,False,False
MLH1,3,36996617.0,MLH1,3,36996617.0,36996617.0,c.117-2A>T,p.?,splice_acceptor_variant,Reported in another cancer sample as somatic,DU145,COSO32054826,COSV51615452,,ENST00000231790.6:c.117-2A>T,3:g.36996617A>T,A,T,0,3,True,True,False,False,False,False,True
ETV1,7,13931684.0,ETV1,7,13931684.0,13931684.0,c.620G>A,p.G207E,missense_variant,Reported in another cancer sample as somatic,LNCaP,COSO32054826,COSV54138735,ENSP00000405327.1:p.Gly207Glu,ENST00000430479.5:c.620G>A,7:g.13931684C>T,C,T,2,3,True,False,False,False,False,True,True
CUX1,7,102195603.0,CUX1,7,102195603.0,102195603.0,c.1255G>A,p.G419R,"missense_variant,splice_region_variant",Confirmed somatic variant,NPC33F,COSO319110600,COSV52891279,ENSP00000353401.3:p.Gly419Arg,ENST00000360264.7:c.1255G>A,7:g.102195603G>A,G,A,3,3,True,False,False,False,False,False,False
CEP89,19,32959900.0,CEP89,19,32959900.0,32959900.0,c.305G>A,p.R102Q,"missense_variant,splice_region_variant",Confirmed somatic variant,MDA-Pca-2B,COSO32054826,COSV59867238,ENSP00000306105.4:p.Arg102Gln,ENST00000305768.9:c.305G>A,19:g.32959900C>T,C,T,3,3,True,False,False,False,False,False,False
ETV1,7,13931684.0,ETV1,7,13931684.0,13931684.0,c.620G>A,p.G207E,missense_variant,Reported in another cancer sample as somatic,LNCaP104S,COSO32054826,COSV54138735,ENSP00000405327.1:p.Gly207Glu,ENST00000430479.5:c.620G>A,7:g.13931684C>T,C,T,2,3,True,False,False,False,False,True,True
PDGFRB,5,150130535.0,PDGFRB,5,150130535.0,150130535.0,c.1367+4A>T,p.?,"intron_variant,splice_region_variant",Variant of unknown origin,LAPC4,COSO32054826,COSV55801810,,ENST00000261799.8:c.1367+4A>T,5:g.150130535T>A,T,A,3,3,True,False,False,False,False,False,False
AKT2,19,40235322.0,AKT2,19,40235322.0,40235324.0,c.1205_1207del,p.E402del,inframe_deletion,Confirmed somatic variant,C4-2B,COSO32054826,COSV60910669,ENSP00000375892.2:p.Glu402del,ENST00000392038.6:c.1205_1207del,19:g.40235322_40235324del,CCT,,3,3,True,False,False,False,False,False,False
SRC,20,37401682.0,SRC,20,37401682.0,37401682.0,c.1116+4A>T,p.?,"intron_variant,splice_region_variant",Variant of unknown origin,LNCaP104S,COSO32054826,COSV62441181,,ENST00000373578.6:c.1116+4A>T,20:g.37401682A>T,A,T,3,3,True,False,False,False,False,False,False
MLH1,3,36996617.0,MLH1,3,36996617.0,36996617.0,c.117-2A>T,p.?,splice_acceptor_variant,Reported in another cancer sample as somatic,DU145,COSO32054826,COSV51615452,,ENST00000231790.6:c.117-2A>T,3:g.36996617A>T,A,T,0,3,True,True,False,False,False,False,True
ETV1,7,13931684.0,ETV1,7,13931684.0,13931684.0,c.620G>A,p.G207E,missense_variant,Reported in another cancer sample as somatic,LNCaP,COSO32054826,COSV54138735,ENSP00000405327.1:p.Gly207Glu,ENST00000430479.5:c.620G>A,7:g.13931684C>T,C,T,2,3,True,False,False,False,False,True,True
KDR,4,55089802.0,KDR,4,55089802.0,55089802.0,c.3193G>A,p.A1065T,"missense_variant,splice_region_variant",Reported in another cancer sample as somatic,LNCaP,COSO32054826,COSV55760254,ENSP00000495159.1:p.Ala1065Thr,ENST00000645273.1:c.3193G>A,4:g.55089802C>T,C,T,3,3,True,False,False,False,False,False,False
PAX8,2,113246754.0,PAX8,2,113246754.0,113246754.0,c.191G>A,p.R64K,"missense_variant,splice_region_variant",Variant of unknown origin,LNCaP,COSO32054826,COSV54507010,ENSP00000263334.6:p.Arg64Lys,ENST00000263334.9:c.191G>A,2:g.113246754C>T,C,T,3,3,True,False,False,False,False,False,False
KDR,4,55089802.0,KDR,4,55089802.0,55089802.0,c.3193G>A,p.A1065T,"missense_variant,splice_region_variant",Reported in another cancer sample as somatic,LNCaP104S,COSO32054826,COSV55760254,ENSP00000495159.1:p.Ala1065Thr,ENST00000645273.1:c.3193G>A,4:g.55089802C>T,C,T,3,3,True,False,False,False,False,False,False
ETV1,7,13931684.0,ETV1,7,13931684.0,13931684.0,c.620G>A,p.G207E,missense_variant,Reported in another cancer sample as somatic,LNCaP104S,COSO32054826,COSV54138735,ENSP00000405327.1:p.Gly207Glu,ENST00000430479.5:c.620G>A,7:g.13931684C>T,C,T,2,3,True,False,False,False,False,True,True
EGFR,7,55200406.0,EGFR,7,55200406.0,55200406.0,c.2939T>A,p.V980D,missense_variant,Variant of unknown origin,LAPC4,COSO32054826,COSV51777967,ENSP00000275493.2:p.Val980Asp,ENST00000275493.6:c.2939T>A,7:g.55200406T>A,T,A,2,2,True,False,False,False,False,False,False
PTPRT,20,42102174.0,PTPRT,20,42102174.0,42102174.0,c.3721A>G,p.I1241V,missense_variant,Variant of unknown origin,LAPC4,COSO32054826,COSV61965140,ENSP00000362294.4:p.Ile1241Val,ENST00000373198.8:c.3721A>G,20:g.42102174T>C,T,C,2,2,True,False,False,False,False,False,False
ALK,2,29920554.0,ALK,2,29920554.0,29920554.0,c.106C>T,p.P36S,missense_variant,Variant of unknown origin,Vcap,COSO32054826,COSV66559932,ENSP00000373700.3:p.Pro36Ser,ENST00000389048.7:c.106C>T,2:g.29920554G>A,G,A,2,2,True,False,False,False,False,False,False
ATR,3,142449451.0,ATR,3,142449451.0,142449451.0,c.7913T>G,p.L2638R,missense_variant,Confirmed somatic variant,NPC37F,COSO319110600,COSV53815818,ENSP00000343741.4:p.Leu2638Arg,ENST00000350721.8:c.7913T>G,3:g.142449451A>C,A,C,2,2,True,False,False,False,False,False,False
PRKAR1A,17,68515446.0,PRKAR1A,17,68515446.0,68515446.0,c.47G>A,p.R16Q,missense_variant,Reported in another cancer sample as somatic,LNCaP,COSO32054826,COSV62235272,ENSP00000376475.1:p.Arg16Gln,ENST00000392711.5:c.47G>A,17:g.68515446G>A,G,A,2,2,True,False,False,False,False,False,False
ALK,2,29220829.0,ALK,2,29220829.0,29220829.0,c.3522C>A,p.F1174L,missense_variant,Reported in another cancer sample as somatic,PC3,COSO32054826,COSV66555460,ENSP00000373700.3:p.Phe1174Leu,ENST00000389048.7:c.3522C>A,2:g.29220829G>T,G,T,2,2,True,False,False,False,False,False,False
KRAS,12,25245350.0,KRAS,12,25245350.0,25245350.0,c.35G>T,p.G12V,missense_variant,Confirmed somatic variant,NPC3D,COSO319110600,COSV55497419,ENSP00000256078.4:p.Gly12Val,ENST00000256078.8:c.35G>T,12:g.25245350C>A,C,A,2,2,True,False,False,False,False,False,False
KRAS,12,25245350.0,KRAS,12,25245350.0,25245350.0,c.35G>T,p.G12V,missense_variant,Reported in another cancer sample as somatic,LNCaP,COSO32054826,COSV55497419,ENSP00000256078.4:p.Gly12Val,ENST00000256078.8:c.35G>T,12:g.25245350C>A,C,A,2,2,True,False,False,False,False,False,False
CTNNB1,3,41225839.0,CTNNB1,3,41225839.0,41225839.0,c.914C>G,p.A305G,missense_variant,Variant of unknown origin,DU145,COSO32054826,COSV62693008,ENSP00000495360.1:p.Ala305Gly,ENST00000645320.1:c.914C>G,3:g.41225839C>G,C,G,2,2,True,False,False,False,False,False,False
NSD1,5,177210873.0,NSD1,5,177210873.0,177210873.0,c.2474C>A,p.A825D,missense_variant,Variant of unknown origin,LAPC4,COSO32054826,COSV61771821,ENSP00000395929.2:p.Ala825Asp,ENST00000439151.6:c.2474C>A,5:g.177210873C>A,C,A,2,2,True,False,False,False,False,False,False
CASP9,1,15507042.0,CASP9,1,15507042.0,15507042.0,c.487T>C,p.C163R,missense_variant,Variant of unknown origin,LNCaP104S,COSO32054826,COSV61602504,ENSP00000330237.5:p.Cys163Arg,ENST00000333868.9:c.487T>C,1:g.15507042A>G,A,G,2,2,True,False,False,False,False,False,False
APC,5,112843734.0,APC,5,112843734.0,112843734.0,c.8140C>T,p.R2714C,missense_variant,Reported in another cancer sample as somatic,LNCaP104S,COSO32054826,COSV57331764,ENSP00000257430.4:p.Arg2714Cys,ENST00000257430.8:c.8140C>T,5:g.112843734C>T,C,T,2,2,True,False,False,False,False,False,False
RGS7,1,240870088.0,RGS7,1,240870088.0,240870088.0,c.417C>A,p.N139K,missense_variant,Confirmed somatic variant,NPC3D,COSO319110600,COSV58557288,ENSP00000355523.1:p.Asn139Lys,ENST00000366565.5:c.417C>A,1:g.240870088G>T,G,T,2,2,True,False,False,False,False,False,False
PRKAR1A,17,68515446.0,PRKAR1A,17,68515446.0,68515446.0,c.47G>A,p.R16Q,missense_variant,Reported in another cancer sample as somatic,LNCaP104S,COSO32054826,COSV62235272,ENSP00000376475.1:p.Arg16Gln,ENST00000392711.5:c.47G>A,17:g.68515446G>A,G,A,2,2,True,False,False,False,False,False,False
ABL1,9,130884599.0,ABL1,9,130884599.0,130884599.0,c.2366A>G,p.N789S,missense_variant,Variant of unknown origin,LNCaP104S,COSO32054826,COSV59327253,ENSP00000361423.2:p.Asn789Ser,ENST00000372348.6:c.2366A>G,9:g.130884599A>G,A,G,2,2,True,False,False,False,False,False,False
FGFR2,10,121593759.0,FGFR2,10,121593759.0,121593759.0,c.59T>C,p.L20P,missense_variant,Confirmed somatic variant,NPC35F,COSO319110600,COSV60656879,ENSP00000410294.2:p.Leu20Pro,ENST00000457416.6:c.59T>C,10:g.121593759A>G,A,G,2,2,True,False,False,False,False,False,False
MLLT10,10,21727864.0,MLLT10,10,21727864.0,21727864.0,c.1999C>A,p.L667I,missense_variant,Confirmed somatic variant,NPC37F,COSO319110600,COSV57001235,ENSP00000307411.7:p.Leu667Ile,ENST00000307729.11:c.1999C>A,10:g.21727864C>A,C,A,2,2,True,False,False,False,False,False,False
ABL1,9,130884923.0,ABL1,9,130884923.0,130884923.0,c.2690A>G,p.H897R,missense_variant,Variant of unknown origin,LAPC4,COSO32054826,COSV59326217,ENSP00000361423.2:p.His897Arg,ENST00000372348.6:c.2690A>G,9:g.130884923A>G,A,G,2,2,True,False,False,False,False,False,False
PTPRT,20,42141971.0,PTPRT,20,42141971.0,42141971.0,c.2771A>G,p.D924G,missense_variant,Variant of unknown origin,LNCaP,COSO32054826,COSV61967146,ENSP00000362294.4:p.Asp924Gly,ENST00000373198.8:c.2771A>G,20:g.42141971T>C,T,C,2,2,True,False,False,False,False,False,False
PTPRT,20,42141971.0,PTPRT,20,42141971.0,42141971.0,c.2771A>G,p.D924G,missense_variant,Variant of unknown origin,LNCaP104S,COSO32054826,COSV61967146,ENSP00000362294.4:p.Asp924Gly,ENST00000373198.8:c.2771A>G,20:g.42141971T>C,T,C,2,2,True,False,False,False,False,False,False
WT1,11,32416497.0,WT1,11,32416497.0,32416497.0,c.994C>G,p.Q332E,missense_variant,Reported in another cancer sample as somatic,DU145,COSO32054826,COSV60067907,ENSP00000331327.3:p.Gln332Glu,ENST00000332351.7:c.994C>G,11:g.32416497G>C,G,C,2,2,True,False,False,False,False,False,False
JAK2,9,5126432.0,JAK2,9,5126432.0,5126432.0,c.3277G>A,p.G1093R,missense_variant,Variant of unknown origin,CWR22Rv1,COSO32054826,COSV67673287,ENSP00000371067.3:p.Gly1093Arg,ENST00000381652.3:c.3277G>A,9:g.5126432G>A,G,A,2,2,True,False,False,False,False,False,False
NOTCH1,9,136503196.0,NOTCH1,9,136503196.0,136503196.0,c.5153T>C,p.I1718T,missense_variant,Confirmed somatic variant,NPC3D,COSO319110600,COSV53036974,ENSP00000277541.6:p.Ile1718Thr,ENST00000277541.7:c.5153T>C,9:g.136503196A>G,A,G,2,2,True,False,False,False,False,False,False
ERBB3,12,56086640.0,ERBB3,12,56086640.0,56086640.0,c.531G>T,p.K177N,missense_variant,Variant of unknown origin,LNCaP104S,COSO32054826,COSV57248634,ENSP00000267101.3:p.Lys177Asn,ENST00000267101.7:c.531G>T,12:g.56086640G>T,G,T,2,2,True,False,False,False,False,False,False
PTEN,nan,,PTEN,,,,c.?del?,p.?Xfs*?,,Reported in another cancer sample as somatic,PC3,COSO32054826,,,,,,,0,2,True,False,False,True,False,False,True
ERBB2,17,39725771.0,ERBB2,17,39725771.0,39725771.0,c.2790G>T,p.E930D,missense_variant,Variant of unknown origin,LNCaP104S,COSO32054826,COSV54065601,ENSP00000269571.4:p.Glu930Asp,ENST00000269571.9:c.2790G>T,17:g.39725771G>T,G,T,2,2,True,False,False,False,False,False,False
SMO,7,129205679.0,SMO,7,129205679.0,129205679.0,c.817T>C,p.C273R,missense_variant,Variant of unknown origin,LNCaP104S,COSO32054826,COSV50825136,ENSP00000249373.3:p.Cys273Arg,ENST00000249373.7:c.817T>C,7:g.129205679T>C,T,C,2,2,True,False,False,False,False,False,False
KMT2D,12,49024848.0,KMT2D,12,49024848.0,49024848.0,c.15883G>A,p.G5295R,missense_variant,Confirmed somatic variant,NPC3D,COSO319110600,COSV56477695,ENSP00000301067.7:p.Gly5295Arg,ENST00000301067.11:c.15883G>A,12:g.49024848C>T,C,T,2,2,True,False,False,False,False,False,False
ERBB2,17,39725771.0,ERBB2,17,39725771.0,39725771.0,c.2790G>T,p.E930D,missense_variant,Variant of unknown origin,LNCaP,COSO32054826,COSV54065601,ENSP00000269571.4:p.Glu930Asp,ENST00000269571.9:c.2790G>T,17:g.39725771G>T,G,T,2,2,True,False,False,False,False,False,False
SMO,7,129212231.0,SMO,7,129212231.0,129212231.0,c.2144C>T,p.A715V,missense_variant,Variant of unknown origin,LAPC4,COSO32054826,COSV50824654,ENSP00000249373.3:p.Ala715Val,ENST00000249373.7:c.2144C>T,7:g.129212231C>T,C,T,2,2,True,False,False,False,False,False,False
APC,5,112843734.0,APC,5,112843734.0,112843734.0,c.8140C>T,p.R2714C,missense_variant,Reported in another cancer sample as somatic,LNCaP,COSO32054826,COSV57331764,ENSP00000257430.4:p.Arg2714Cys,ENST00000257430.8:c.8140C>T,5:g.112843734C>T,C,T,2,2,True,False,False,False,False,False,False
STAG2,X,124051211.0,STAG2,X,124051211.0,124051211.0,c.1108C>T,p.R370W,missense_variant,Confirmed somatic variant,LNCaP,COSO32054826,COSV54351727,ENSP00000218089.9:p.Arg370Trp,ENST00000218089.13:c.1108C>T,X:g.124051211C>T,C,T,2,2,True,False,False,False,False,False,False
BAP1,3,52408496.0,BAP1,3,52408496.0,52408496.0,c.233A>G,p.N78S,missense_variant,Confirmed somatic variant,NPC3F,COSO319110600,COSV56232513,ENSP00000417132.1:p.Asn78Ser,ENST00000460680.5:c.233A>G,3:g.52408496T>C,T,C,2,2,True,False,False,False,False,False,False
ATRX,X,77681976.0,ATRX,X,77681976.0,77681976.0,c.3280T>C,p.C1094R,missense_variant,Confirmed somatic variant,NPC34F,COSO319110600,COSV64880429,ENSP00000362441.4:p.Cys1094Arg,ENST00000373344.9:c.3280T>C,X:g.77681976A>G,A,G,2,2,True,False,False,False,False,False,False
PTEN,nan,,PTEN,,,,c.1_*del,p.0,,Reported in another cancer sample as somatic,PC3,COSO32054826,,,,,,,0,2,True,False,False,True,False,False,True
JAK1,1,64835443.0,JAK1,1,64835443.0,64835443.0,c.3322T>G,p.L1108V,missense_variant,Variant of unknown origin,LAPC4,COSO32054826,COSV53805331,ENSP00000343204.4:p.Leu1108Val,ENST00000342505.4:c.3322T>G,1:g.64835443A>C,A,C,2,2,True,False,False,False,False,False,False
IL6ST,5,55941426.0,IL6ST,5,55941426.0,55941426.0,c.2413G>A,p.G805S,missense_variant,Variant of unknown origin,LNCaP104S,COSO32054826,COSV61142926,ENSP00000370698.2:p.Gly805Ser,ENST00000381298.6:c.2413G>A,5:g.55941426C>T,C,T,2,2,True,False,False,False,False,False,False
IL6ST,5,55963411.0,IL6ST,5,55963411.0,55963411.0,c.754G>A,p.V252I,missense_variant,Variant of unknown origin,LNCaP104S,COSO32054826,COSV61142931,ENSP00000370698.2:p.Val252Ile,ENST00000381298.6:c.754G>A,5:g.55963411C>T,C,T,2,2,True,False,False,False,False,False,False
NFKB2,10,102399466.0,NFKB2,10,102399466.0,102399466.0,c.1296C>G,p.C432W,missense_variant,Confirmed somatic variant,NPC33F,COSO319110600,COSV50041802,ENSP00000358983.3:p.Cys432Trp,ENST00000369966.7:c.1296C>G,10:g.102399466C>G,C,G,2,2,True,False,False,False,False,False,False
FES,15,90893748.0,FES,15,90893748.0,90893748.0,c.2140G>A,p.A714T,missense_variant,Variant of unknown origin,LAPC4,COSO32054826,COSV60996979,ENSP00000331504.3:p.Ala714Thr,ENST00000328850.7:c.2140G>A,15:g.90893748G>A,G,A,2,2,True,False,False,False,False,False,False
MAP2K1,15,66487239.0,MAP2K1,15,66487239.0,66487239.0,c.907G>A,p.D303N,missense_variant,Reported in another cancer sample as somatic,LNCaP104S,COSO32054826,COSV61073567,ENSP00000302486.4:p.Asp303Asn,ENST00000307102.9:c.907G>A,15:g.66487239G>A,G,A,2,2,True,False,False,False,False,False,False
SMAD4,18,51047174.0,SMAD4,18,51047174.0,51047174.0,c.128T>C,p.L43S,missense_variant,Confirmed somatic variant,LPC3p,COSO29005278,COSV61697646,ENSP00000341551.3:p.Leu43Ser,ENST00000342988.7:c.128T>C,18:g.51047174T>C,T,C,2,2,True,False,False,False,False,False,False
BRAF,7,140801503.0,BRAF,7,140801503.0,140801503.0,c.769C>A,p.Q257K,missense_variant,Variant of unknown origin,PC3,COSO32054826,COSV56081983,ENSP00000493543.1:p.Gln257Lys,ENST00000646891.1:c.769C>A,7:g.140801503G>T,G,T,2,2,True,False,False,False,False,False,False
GNA11,19,3118943.0,GNA11,19,3118943.0,3118943.0,c.625C>A,p.Q209K,missense_variant,Confirmed somatic variant,C4-2B,COSO32054826,COSV50061843,ENSP00000078429.3:p.Gln209Lys,ENST00000078429.8:c.625C>A,19:g.3118943C>A,C,A,2,2,True,False,False,False,False,False,False
ABL2,1,179126660.0,ABL2,1,179126660.0,179126660.0,c.404G>A,p.R135Q,missense_variant,Reported in another cancer sample as somatic,LNCaP,COSO32054826,COSV61011808,ENSP00000427562.1:p.Arg135Gln,ENST00000502732.5:c.404G>A,1:g.179126660C>T,C,T,2,2,True,False,False,False,False,False,False
NCOA1,2,24683062.0,NCOA1,2,24683062.0,24683062.0,c.466G>A,p.V156I,missense_variant,Reported in another cancer sample as somatic,CWR22Rv1,COSO32054826,COSV56049693,ENSP00000385216.1:p.Val156Ile,ENST00000406961.5:c.466G>A,2:g.24683062G>A,G,A,2,2,True,False,False,False,False,False,False
FLT4,5,180625981.0,FLT4,5,180625981.0,180625981.0,c.1309C>G,p.R437G,missense_variant,Variant of unknown origin,LNCaP,COSO32054826,COSV56102097,ENSP00000261937.6:p.Arg437Gly,ENST00000261937.10:c.1309C>G,5:g.180625981G>C,G,C,2,2,True,False,False,False,False,False,False
FLT4,5,180614127.0,FLT4,5,180614127.0,180614127.0,c.3272A>G,p.Y1091C,missense_variant,Variant of unknown origin,LNCaP104S,COSO32054826,COSV56101614,ENSP00000261937.6:p.Tyr1091Cys,ENST00000261937.10:c.3272A>G,5:g.180614127T>C,T,C,2,2,True,False,False,False,False,False,False
FLT4,5,180614127.0,FLT4,5,180614127.0,180614127.0,c.3272A>G,p.Y1091C,missense_variant,Variant of unknown origin,LNCaP,COSO32054826,COSV56101614,ENSP00000261937.6:p.Tyr1091Cys,ENST00000261937.10:c.3272A>G,5:g.180614127T>C,T,C,2,2,True,False,False,False,False,False,False
ROS1,6,117389796.0,ROS1,6,117389796.0,117389796.0,c.1313T>C,p.V438A,missense_variant,Variant of unknown origin,LAPC4,COSO32054826,COSV63852242,ENSP00000357494.3:p.Val438Ala,ENST00000368508.7:c.1313T>C,6:g.117389796A>G,A,G,2,2,True,False,False,False,False,False,False
IL6ST,5,55941186.0,IL6ST,5,55941186.0,55941186.0,c.2653G>A,p.V885I,missense_variant,Variant of unknown origin,LAPC4,COSO32054826,COSV61139965,ENSP00000370698.2:p.Val885Ile,ENST00000381298.6:c.2653G>A,5:g.55941186C>T,C,T,2,2,True,False,False,False,False,False,False
PTPN13,4,86734831.0,PTPN13,4,86734831.0,86734831.0,c.2107G>A,p.A703T,missense_variant,Variant of unknown origin,LNCaP104S,COSO32054826,COSV57417331,ENSP00000394794.1:p.Ala703Thr,ENST00000436978.5:c.2107G>A,4:g.86734831G>A,G,A,2,2,True,False,False,False,False,False,False
PTPN13,4,86741700.0,PTPN13,4,86741700.0,86741700.0,c.2371A>G,p.T791A,missense_variant,Variant of unknown origin,LNCaP104S,COSO32054826,COSV57417337,ENSP00000394794.1:p.Thr791Ala,ENST00000436978.5:c.2371A>G,4:g.86741700A>G,A,G,2,2,True,False,False,False,False,False,False
MEN1,11,64807577.0,MEN1,11,64807577.0,64807577.0,c.773C>T,p.S258L,missense_variant,Confirmed somatic variant,22RV1,COSO32054826,COSV53641504,ENSP00000337088.1:p.Ser258Leu,ENST00000337652.5:c.773C>T,11:g.64807577G>A,G,A,2,2,True,False,False,False,False,False,False
PTEN,nan,,PTEN,,,,c.1_*del,p.0,,Reported in another cancer sample as somatic,PC3,COSO32054826,,,,,,,0,2,True,False,False,True,False,False,True
NR4A3,9,99832699.0,NR4A3,9,99832699.0,99832699.0,c.995A>G,p.Q332R,missense_variant,Variant of unknown origin,LNCaP104S,COSO32054826,COSV58243849,ENSP00000482027.1:p.Gln332Arg,ENST00000618101.4:c.995A>G,9:g.99832699A>G,A,G,2,2,True,False,False,False,False,False,False
ERBB3,12,56086640.0,ERBB3,12,56086640.0,56086640.0,c.531G>T,p.K177N,missense_variant,Variant of unknown origin,LNCaP,COSO32054826,COSV57248634,ENSP00000267101.3:p.Lys177Asn,ENST00000267101.7:c.531G>T,12:g.56086640G>T,G,T,2,2,True,False,False,False,False,False,False
ARID1A,1,26697230.0,ARID1A,1,26697230.0,26697230.0,c.827G>A,p.G276E,missense_variant,Confirmed somatic variant,NPC3D,COSO319110600,COSV61386838,ENSP00000320485.7:p.Gly276Glu,ENST00000324856.12:c.827G>A,1:g.26697230G>A,G,A,2,2,True,False,False,False,False,False,False
NR4A3,9,99832699.0,NR4A3,9,99832699.0,99832699.0,c.995A>G,p.Q332R,missense_variant,Variant of unknown origin,LNCaP,COSO32054826,COSV58243849,ENSP00000482027.1:p.Gln332Arg,ENST00000618101.4:c.995A>G,9:g.99832699A>G,A,G,2,2,True,False,False,False,False,False,False
PREX2,8,68069854.0,PREX2,8,68069854.0,68069854.0,c.1463G>A,p.R488H,missense_variant,Confirmed somatic variant,NPC3D,COSO319110600,COSV55758575,ENSP00000288368.4:p.Arg488His,ENST00000288368.4:c.1463G>A,8:g.68069854G>A,G,A,2,2,True,False,False,False,False,False,False
APC,5,112839954.0,APC,5,112839954.0,112839954.0,c.4360A>G,p.K1454E,missense_variant,Confirmed somatic variant,MDA-Pca-2B,COSO32054826,COSV57320740,ENSP00000257430.4:p.Lys1454Glu,ENST00000257430.8:c.4360A>G,5:g.112839954A>G,A,G,2,2,True,False,False,False,False,False,False
KDR,4,55107752.0,KDR,4,55107752.0,55107752.0,c.1397G>T,p.C466F,missense_variant,Reported in another cancer sample as somatic,DU145,COSO32054826,COSV55760050,ENSP00000495159.1:p.Cys466Phe,ENST00000645273.1:c.1397G>T,4:g.55107752C>A,C,A,2,2,True,False,False,False,False,False,False
NF1,17,31350276.0,NF1,17,31350276.0,31350276.0,c.7415C>A,p.P2472H,missense_variant,Reported in another cancer sample as somatic,DU145,COSO32054826,COSV62196132,ENSP00000351015.4:p.Pro2472His,ENST00000358273.8:c.7415C>A,17:g.31350276C>A,C,A,2,2,True,False,False,False,False,False,False
ITK,5,157243717.0,ITK,5,157243717.0,157243717.0,c.1155G>T,p.K385N,missense_variant,Variant of unknown origin,LNCaP,COSO32054826,COSV70060822,ENSP00000398655.3:p.Lys385Asn,ENST00000422843.7:c.1155G>T,5:g.157243717G>T,G,T,2,2,True,False,False,False,False,False,False
ITK,5,157243717.0,ITK,5,157243717.0,157243717.0,c.1155G>T,p.K385N,missense_variant,Variant of unknown origin,LNCaP104S,COSO32054826,COSV70060822,ENSP00000398655.3:p.Lys385Asn,ENST00000422843.7:c.1155G>T,5:g.157243717G>T,G,T,2,2,True,False,False,False,False,False,False
CDK4,12,57751232.0,CDK4,12,57751232.0,57751232.0,c.329C>T,p.P110L,missense_variant,Variant of unknown origin,LNCaP,COSO32054826,COSV56984218,ENSP00000257904.5:p.Pro110Leu,ENST00000257904.10:c.329C>T,12:g.57751232G>A,G,A,2,2,True,False,False,False,False,False,False
PLEC,8,143924915.0,PLEC,8,143924915.0,143924915.0,c.5425G>A,p.E1809K,missense_variant,Confirmed somatic variant,NPC38F,COSO319110600,COSV59675528,ENSP00000323856.4:p.Glu1809Lys,ENST00000322810.8:c.5425G>A,8:g.143924915C>T,C,T,2,2,True,False,False,False,False,False,False
MUTYH,1,45331238.0,MUTYH,1,45331238.0,45331238.0,c.1411C>T,p.R471C,missense_variant,Reported in another cancer sample as somatic,LAPC4,COSO32054826,COSV58343650,ENSP00000361170.3:p.Arg471Cys,ENST00000372098.7:c.1411C>T,1:g.45331238G>A,G,A,2,2,True,False,False,False,False,False,False
CTNNA2,2,79874173.0,CTNNA2,2,79874173.0,79874173.0,c.683T>C,p.L228P,missense_variant,Confirmed somatic variant,NPC3D,COSO319110600,COSV63594983,ENSP00000384638.4:p.Leu228Pro,ENST00000402739.8:c.683T>C,2:g.79874173T>C,T,C,2,2,True,False,False,False,False,False,False
PTK6,20,63534941.0,PTK6,20,63534941.0,63534941.0,c.349T>C,p.S117P,missense_variant,Variant of unknown origin,LAPC4,COSO32054826,COSV53916084,ENSP00000442460.2:p.Ser117Pro,ENST00000542869.2:c.349T>C,20:g.63534941A>G,A,G,2,2,True,False,False,False,False,False,False
PTEN,nan,,PTEN,,,,c.?del?,p.?Xfs*?,,Reported in another cancer sample as somatic,PC3,COSO32054826,,,,,,,0,2,True,False,False,True,False,False,True
EPS15,1,51361283.0,EPS15,1,51361283.0,51361283.0,c.2432G>A,p.G811D,missense_variant,Variant of unknown origin,LAPC4,COSO32054826,COSV65540717,ENSP00000360798.3:p.Gly811Asp,ENST00000371733.7:c.2432G>A,1:g.51361283C>T,C,T,2,2,True,False,False,False,False,False,False
STAT5B,17,42212135.0,STAT5B,17,42212135.0,42212135.0,c.1529C>T,p.A510V,missense_variant,Variant of unknown origin,LAPC4,COSO32054826,COSV53180885,ENSP00000293328.3:p.Ala510Val,ENST00000293328.7:c.1529C>T,17:g.42212135G>A,G,A,2,2,True,False,False,False,False,False,False
STAT5B,17,42218295.0,STAT5B,17,42218295.0,42218295.0,c.1025T>C,p.L342P,missense_variant,Variant of unknown origin,LNCaP104S,COSO32054826,COSV53185893,ENSP00000293328.3:p.Leu342Pro,ENST00000293328.7:c.1025T>C,17:g.42218295A>G,A,G,2,2,True,False,False,False,False,False,False
EP300,22,41177043.0,EP300,22,41177043.0,41177043.0,c.5332G>T,p.G1778W,missense_variant,Variant of unknown origin,LNCaP,COSO32054826,COSV54328691,ENSP00000263253.7:p.Gly1778Trp,ENST00000263253.8:c.5332G>T,22:g.41177043G>T,G,T,2,2,True,False,False,False,False,False,False
CDH1,16,68823560.0,CDH1,16,68823560.0,68823560.0,c.2098C>T,p.P700S,missense_variant,Variant of unknown origin,LNCaP104S,COSO32054826,COSV55729365,ENSP00000261769.4:p.Pro700Ser,ENST00000261769.9:c.2098C>T,16:g.68823560C>T,C,T,2,2,True,False,False,False,False,False,False
CDH1,16,68801786.0,CDH1,16,68801786.0,68801786.0,c.280C>A,p.P94T,missense_variant,Variant of unknown origin,LNCaP,COSO32054826,COSV55729356,ENSP00000261769.4:p.Pro94Thr,ENST00000261769.9:c.280C>A,16:g.68801786C>A,C,A,2,2,True,False,False,False,False,False,False
MYCL,1,39900885.0,MYCL,1,39900885.0,39900885.0,c.586+54C>T,p.?,intron_variant,Variant of unknown origin,LNCaP,COSO32054826,COSV65693112,,ENST00000397332.2:c.586+54C>T,1:g.39900885G>A,G,A,0,0,True,False,False,False,False,False,False
MYCL,1,39900885.0,MYCL,1,39900885.0,39900885.0,c.586+54C>T,p.?,intron_variant,Variant of unknown origin,LNCaP104S,COSO32054826,COSV65693112,,ENST00000397332.2:c.586+54C>T,1:g.39900885G>A,G,A,0,0,True,False,False,False,False,False,False
STAT3,nan,,STAT3,,,,c.1_*del,p.0,,Variant of unknown origin,PC3,COSO32054826,,,,,,,0,0,True,False,False,False,False,False,False
STK11,nan,,STK11,,,,c.1_378del378,p.?,,Variant of unknown origin,PC35,COSO53324830,,,,,,,0,0,True,False,False,False,False,False,False
ROS1,6,117317142.0,ROS1,6,117317142.0,117317142.0,c.6135+1G>A,p.?,splice_donor_variant,Reported in another cancer sample as somatic,CWR22Rv1,COSO32054826,COSV63851057,,ENST00000368508.7:c.6135+1G>A,6:g.117317142C>T,C,T,0,0,True,False,False,False,False,False,False
FGFR1,8,38457536.0,FGFR1,8,38457536.0,38457536.0,c.12-2A>G,p.?,splice_acceptor_variant,Variant of unknown origin,LNCaP104S,COSO32054826,COSV58344297,,ENST00000425967.7:c.12-2A>G,8:g.38457536T>C,T,C,0,0,True,False,False,False,False,False,False
SMAD4,nan,,SMAD4,,,,c.?_?del?,p.?,,Reported in another cancer sample as somatic,BxPc3,COSO29005278,,,,,,,0,0,True,False,False,False,False,False,False
HRAS,11,533352.0,HRAS,11,533352.0,533352.0,c.450+101C>T,p.?,intron_variant,Reported in another cancer sample as somatic,LAPC4,COSO32054826,COSV54238303,,ENST00000451590.5:c.450+101C>T,11:g.533352G>A,G,A,0,0,True,False,False,False,False,False,False
ERBB3,12,56087991.0,ERBB3,12,56087991.0,56087991.0,c.733-30A>G,p.?,intron_variant,Variant of unknown origin,BXPC3,COSO29004862,COSV57265010,,ENST00000267101.7:c.733-30A>G,12:g.56087991A>G,A,G,0,0,True,False,False,False,False,False,False
